RMSE,Num_Points,Density,LBP,Class
0.09273855336560205,19,0.152,57,50
0.14469697882881025,44,0.352,2,50
0.10286564253193205,22,0.176,22,50
0.0327490585157058,30,0.24,53,50
0.05316137270160298,119,0.952,53,50
0.027040157887759826,54,0.432,19,50
0.013561713120856538,7,0.056,58,50
0.018332709612152505,41,0.328,8,50
0.016350929322996487,66,0.528,10,50
0.004772037615098283,22,0.176,0,50
0.02624876127587905,32,0.256,31,50
0.00831968784541365,6,0.048,47,50
0.024914173826550742,57,0.456,11,50
0.028181929478523535,164,1.312,3,50
0.017160709662466123,33,0.264,62,50
0.06338214854277431,45,0.36,27,50
0.1024730478186471,309,2.472,12,50
0.03374932996015248,178,1.424,25,50
0.023886325416538314,273,2.184,46,50
0.00028151460905597234,17,0.136,54,50
0.05508129095772573,48,0.384,61,50
0.044001633388013356,221,1.768,0,50
0.025601018819592865,178,1.424,32,50
0.012130476742028025,92,0.736,62,50
0.05303289456016881,196,1.568,15,50
5.904331024098043e-09,3,0.024,3,50
0.021354404022617214,8,0.064,18,50
0.054773630112998635,6,0.048,43,50
0.004539781374767327,11,0.088,49,50
0.022659323390837715,338,2.704,22,50
0.023942173084162535,1834,14.672,16,50
0.024653634026781536,225,1.8,0,50
0.030352830326091727,264,2.112,8,50
0.02777976142626431,372,2.976,5,50
0.015168582297752068,54,0.432,23,50
0.02708070831951913,56,0.448,8,50
0.02390607141793418,445,3.56,0,50
0.027722803807232667,171,1.368,0,50
0.054869894317239036,260,2.08,16,50
0.02297321844350333,510,4.08,50,50
0.008649359056405997,61,0.488,30,50
0.009123760911852326,15,0.12,37,50
0.013749208123190441,41,0.328,43,50
0.027443304559178153,117,0.936,39,50
0.062352998904287464,100,0.8,63,50
0.028264394848299595,113,0.904,40,50
0.031078953317298694,33,0.264,20,50
0.04628000666339863,172,1.376,59,50
0.03239922526589895,19,0.152,52,50
0.05285024933705794,28,0.224,2,50
0.06707098285056293,141,1.128,18,50
0.05447572322283029,44,0.352,42,50
0.08114573105487816,82,0.656,49,50
0.08308497189285698,77,0.616,26,50
0.15054977833460176,36,0.288,51,50
0.004490296731486571,4,0.032,33,50
7.200483398879982e-08,3,0.024,4,50
8.933620391944158e-08,3,0.024,61,50
6.66033069186169e-06,5,0.04,22,50
0.3283226418207012,11,0.088,62,50
0.33307190839052786,11,0.088,61,50
0.09921035204731272,5,0.04,63,50
1.4165751089239353e-05,4,0.032,29,50
2.3633977857527582e-05,4,0.032,50,50
0.002359927666042272,4,0.032,3,50
3.591831104475417e-05,7,0.056,27,50
0.01056474417238983,5,0.04,62,50
2.685999361698105e-05,5,0.04,38,50
3.565031768418087e-07,4,0.032,38,50
0.26381643774632246,5,0.04,31,50
0.3406015469561845,12,0.096,3,50
0.2055840212600646,11,0.088,46,50
1.7718558529749551e-09,3,0.024,63,50
0.061852933073728904,5,0.04,12,50
0.029841593756439244,9,0.072,7,50
2.255608770948346e-05,6,0.048,1,50
0.00639692024229213,4,0.032,47,50
2.9696263985659072e-05,5,0.04,9,50
1.5746850316741726e-05,4,0.032,17,50
1.214400416338357e-08,3,0.024,11,50
3.236093046310453e-09,3,0.024,45,50
0.023490735936639993,4,0.032,23,50
3.690519145050937e-05,7,0.056,59,50
0.3697496529323602,13,0.104,44,50
1.6409281590473078e-14,3,0.024,61,50
0.27313127177492136,7,0.056,11,50
0.03371001764582551,8,0.064,33,50
5.1806650439844114e-05,5,0.04,57,50
0.008077012753081382,5,0.04,48,50
2.0400754874887524e-05,4,0.032,22,50
0.022855140591811648,5,0.04,63,50
2.5443476952697365e-05,4,0.032,2,50
6.203425431843526e-05,6,0.048,18,50
0.026036365453521067,6,0.048,41,50
2.1319926618354435e-05,6,0.048,23,50
0.022119157393318135,6,0.048,28,50
4.984367431374056e-05,7,0.056,27,50
0.03546801853932477,12,0.096,11,50
7.936488738105157e-06,5,0.04,38,50
0.09792050974722682,9,0.072,54,50
1.6603334707099293e-07,3,0.024,4,50
0.09518863432997737,7,0.056,32,50
0.003006555991338677,5,0.04,23,50
0.02387223793129611,4,0.032,24,50
0.0011509935934717044,5,0.04,8,50
0.03845922698779041,9,0.072,45,50
0.05814898355960368,5,0.04,47,50
0.0311481987255687,8,0.064,63,50
0.009964113834997129,8,0.064,60,50
0.014061883199106267,6,0.048,61,50
8.027485579478891e-05,7,0.056,40,50
0.014481277990684866,7,0.056,32,50
3.366929799066459e-05,6,0.048,34,50
0.018964094899562984,8,0.064,47,50
2.3124324144419e-06,3,0.024,0,50
0.05809506826738095,8,0.064,53,50
6.376124549372482e-06,4,0.032,46,50
4.3877975134757707e-07,3,0.024,20,50
9.797184993731637e-05,4,0.032,57,50
0.0004862134412017522,4,0.032,26,50
0.05503345398891474,8,0.064,22,50
0.03356800047231554,5,0.04,30,50
0.00952593247701318,6,0.048,33,50
9.077207746404012e-05,7,0.056,61,50
0.010498639111831484,7,0.056,0,50
0.026773066426332152,11,0.088,55,50
6.22889042944289e-05,6,0.048,25,50
0.02254315411344963,6,0.048,24,50
8.577361808184484e-05,8,0.064,63,50
0.020937735931427517,9,0.072,31,50
6.561245058378519e-08,3,0.024,51,50
0.32611068362649914,11,0.088,0,50
0.26276924056878564,9,0.072,7,50
0.03766868473943707,7,0.056,7,50
3.929727012702824e-05,9,0.072,61,50
3.035762188636361e-05,7,0.056,62,50
1.8139346830148284e-08,3,0.024,34,50
6.041486891317227e-08,3,0.024,4,50
0.024251271089359424,4,0.032,56,50
0.025028092081204434,9,0.072,6,50
0.0247152899081318,9,0.072,40,50
0.019369214941145258,11,0.088,20,50
0.01719888204134642,9,0.072,61,50
9.015005044623331e-05,7,0.056,22,50
8.828072168608397e-05,7,0.056,12,50
0.022023889212765494,14,0.112,47,50
0.03215644923584057,11,0.088,63,50
0.06275752351384652,9,0.072,52,50
0.3006335783545849,11,0.088,51,50
0.27380680654078365,14,0.112,31,50
0.03985874085451395,10,0.08,7,50
5.044626894430804e-05,8,0.064,41,50
1.8193773226383482e-05,5,0.04,51,50
1.938713596345149e-09,3,0.024,0,50
1.4035341595539097e-10,3,0.024,49,50
1.768879843196795e-06,4,0.032,58,50
0.02705196572595013,6,0.048,48,50
0.043290354852242634,10,0.08,53,50
0.030789261809411356,9,0.072,23,50
0.035022853619612014,10,0.08,12,50
0.0333226227263865,12,0.096,20,50
0.03171071255710723,12,0.096,0,50
0.057755227848216704,10,0.08,56,50
0.019828631614176192,9,0.072,43,50
0.03123650673326812,6,0.048,23,50
0.30767103416975394,23,0.184,15,50
0.2811875578894686,19,0.152,38,50
7.582668067603363e-05,9,0.072,59,50
0.014327168797042851,4,0.032,35,50
0.03452398208292955,4,0.032,32,50
3.9659922862015737e-08,3,0.024,22,50
3.7609919072608314e-08,3,0.024,62,50
0.029945124691644624,4,0.032,3,50
0.015749621024332503,4,0.032,1,50
0.009105159539740764,8,0.064,50,50
0.020384897291311804,11,0.088,62,50
0.015115987910993497,12,0.096,51,50
0.04410264860031389,7,0.056,27,50
0.11981920102522334,15,0.12,17,50
0.07091037666533113,15,0.12,55,50
0.039298716138809364,12,0.096,41,50
0.032375023493739594,13,0.104,30,50
2.5838333029632702e-05,4,0.032,55,50
7.334448295195735e-05,7,0.056,48,50
0.10928987773674814,8,0.064,63,50
0.3111361052565933,19,0.152,49,50
0.013206490293972672,10,0.08,20,50
0.009380767309699915,5,0.04,32,50
6.298712001725334e-07,6,0.048,18,50
1.054838608536098e-06,5,0.04,50,50
0.020430165766550625,4,0.032,8,50
0.04180149677731857,7,0.056,7,50
0.009640735424988348,7,0.056,32,50
0.04219330097807144,13,0.104,27,50
0.038200043317041445,9,0.072,52,50
0.07018588572446623,11,0.088,25,50
0.0939986096078668,16,0.128,10,50
0.04732940115059156,17,0.136,13,50
0.030297152758423897,11,0.088,4,50
0.04210975204769739,13,0.104,62,50
0.23731468749140164,16,0.128,32,50
0.30598172479096475,13,0.104,51,50
0.14600589112021128,9,0.072,61,50
0.14781444951532213,12,0.096,0,50
5.512847077818261e-06,4,0.032,52,50
5.007715329123865e-19,3,0.024,43,50
0.036631058963121806,6,0.048,6,50
0.005065339990596503,4,0.032,45,50
6.292817781676045e-08,3,0.024,44,50
0.03831330403090239,8,0.064,23,50
0.02270457762128193,10,0.08,16,50
0.014021991964380897,6,0.048,50,50
0.1006218206139203,10,0.08,21,50
0.08290681271471147,13,0.104,60,50
0.02985256174996428,15,0.12,1,50
0.04078446924799542,16,0.128,20,50
0.03475915062967056,11,0.088,37,50
0.025930056729556287,16,0.128,34,50
0.023799529989421534,12,0.096,5,50
0.02125298725996841,16,0.128,61,50
0.04060588353643149,10,0.08,63,50
7.941131216348864e-08,3,0.024,16,50
0.1585698780952765,4,0.032,62,50
0.22877948956870536,13,0.104,30,50
7.70826399537297e-06,4,0.032,63,50
7.671537667361022e-07,4,0.032,25,50
0.00014013566622505508,6,0.048,0,50
0.707708216552312,8,0.064,4,50
0.04820544495686004,7,0.056,57,50
0.03687467904072619,12,0.096,11,50
0.048120699359612204,19,0.152,0,50
0.016177431916126497,13,0.104,15,50
0.02065449783553169,13,0.104,42,50
0.021670013167064475,14,0.112,18,50
0.02112888975070721,12,0.096,31,50
0.034088224716421804,15,0.12,33,50
0.01411504946920033,12,0.096,36,50
0.019692509029541654,8,0.064,13,50
0.17809670308393633,9,0.072,16,50
4.825636770166652e-05,7,0.056,44,50
0.21975790245894392,13,0.104,43,50
7.519449584473631e-07,3,0.024,23,50
0.03447708982178789,5,0.04,53,50
1.772519681956612e-09,3,0.024,3,50
0.027873561769444343,5,0.04,0,50
0.03288998938062402,15,0.12,0,50
0.028026005054965695,10,0.08,59,50
0.02938196660038829,13,0.104,53,50
0.04859362661632687,20,0.16,35,50
0.03157249718747354,17,0.136,61,50
0.020202231461394483,18,0.144,10,50
0.014563146977500592,12,0.096,42,50
0.03139560483946362,16,0.128,33,50
0.026004715576112374,15,0.12,23,50
0.05304563312195784,10,0.08,57,50
0.2767002873061899,15,0.12,4,50
0.18274913643313698,12,0.096,0,50
5.269188479794243e-05,6,0.048,57,50
1.6051592139868937e-05,4,0.032,63,50
0.05946347834338223,5,0.04,50,50
0.0352225860342729,5,0.04,32,50
1.213718291796321e-07,3,0.024,51,50
0.02313976639989446,10,0.08,3,50
0.03314796404391688,16,0.128,8,50
0.03342319036529475,14,0.112,53,50
0.03991405377185169,16,0.128,26,50
0.0525450727124102,14,0.112,8,50
0.038417797693923804,20,0.16,53,50
0.02800286965444865,15,0.12,8,50
0.03138836501145452,16,0.128,19,50
1.9324583957776726e-05,4,0.032,63,50
0.22058683204960072,13,0.104,51,50
0.23665404785453603,20,0.16,0,50
0.033357623131450256,9,0.072,9,50
0.0025036051423164988,4,0.032,60,50
1.1226290952172831e-07,3,0.024,1,50
0.049128779139053454,9,0.072,34,50
0.028768577165549467,8,0.064,58,50
0.01969803102117043,9,0.072,22,50
0.026679794549840444,15,0.12,63,50
0.028168840120032183,16,0.128,61,50
0.03240945835834282,17,0.136,43,50
0.03300868925365318,18,0.144,18,50
0.03780271747731829,16,0.128,57,50
0.03730881614665569,14,0.112,49,50
0.19931356247370316,16,0.128,53,50
0.024984816144615313,7,0.056,16,50
0.2657830080733474,18,0.144,46,50
0.031236320370226306,11,0.088,42,50
0.011303066877095189,8,0.064,6,50
0.010507736198427835,4,0.032,45,50
0.0032944681549254597,4,0.032,35,50
1.1600552480099207e-06,3,0.024,53,50
0.032246756803379406,10,0.08,63,50
0.03578893207082244,6,0.048,2,50
0.021651936952904797,10,0.08,61,50
0.02255624232102485,18,0.144,34,50
0.029245409269986637,17,0.136,26,50
0.03657379232251633,17,0.136,63,50
0.026877846534188583,15,0.12,54,50
0.028346978140433104,16,0.128,63,50
0.024916207878686192,14,0.112,11,50
0.1623886750791902,15,0.12,29,50
3.07110023308958e-05,4,0.032,3,50
0.20755140320201343,20,0.16,45,50
0.17040640811272298,14,0.112,38,50
4.537688897906326e-05,6,0.048,63,50
0.04846817970677508,4,0.032,38,50
2.225741302121875e-05,5,0.04,10,50
7.349433073233769e-08,3,0.024,46,50
1.5076669453624922e-07,3,0.024,0,50
0.0354764934374989,12,0.096,50,50
2.822452280781818e-07,3,0.024,57,50
0.016090653598034542,7,0.056,9,50
0.03389990128053462,11,0.088,56,50
0.027292631168005052,15,0.12,0,50
0.019447190562700015,10,0.08,6,50
0.014522874113460387,11,0.088,63,50
0.030893198646169046,12,0.096,18,50
0.029093616281005416,10,0.08,52,50
0.029542419182431695,16,0.128,32,50
0.20376040371982992,11,0.088,8,50
0.19412878802434386,21,0.168,40,50
7.39536772837242e-05,7,0.056,26,50
8.073214467181407e-06,5,0.04,33,50
3.790342776218333e-08,3,0.024,0,50
1.852828322119731e-05,8,0.064,8,50
9.541101745706254e-08,3,0.024,30,50
0.06556991852061103,7,0.056,35,50
0.017318959985731006,4,0.032,31,50
7.303537217969356e-07,3,0.024,2,50
8.03688181501396e-05,5,0.04,7,50
0.01950977339235384,13,0.104,23,50
0.02562792413718929,6,0.048,19,50
0.026615283611713426,13,0.104,6,50
0.022980757459118293,13,0.104,14,50
0.024875118264400146,10,0.08,32,50
0.02077764985326025,11,0.088,12,50
0.027877002395201887,13,0.104,1,50
0.023123065845312814,11,0.088,3,50
3.175222485820214e-07,3,0.024,62,50
6.282349175265949e-05,6,0.048,6,50
0.20326771945061006,27,0.216,16,50
0.032813957216610026,10,0.08,62,50
0.03676874585167891,5,0.04,49,50
1.6870269885542056e-06,4,0.032,59,50
2.1566253389648155e-05,6,0.048,53,50
0.03944279095170583,7,0.056,31,50
4.62440704988391e-08,3,0.024,47,50
0.024930520090542377,7,0.056,2,50
0.023068762694538125,9,0.072,44,50
0.028250557687829515,11,0.088,2,50
0.04348999937485578,17,0.136,48,50
0.021142939022365696,14,0.112,26,50
0.01832513335267189,13,0.104,1,50
0.018513646523774054,11,0.088,59,50
0.02967389872104667,14,0.112,43,50
1.5874640212308152e-07,3,0.024,62,50
0.10744224093089129,6,0.048,0,50
0.015904862521046614,10,0.08,50,50
0.17776377413533567,12,0.096,13,50
0.02430107954121308,6,0.048,32,50
0.085876104052209,8,0.064,56,50
1.2615816931387643e-05,8,0.064,35,50
1.3058896089490625e-08,3,0.024,0,50
0.030127301457228146,12,0.096,22,50
0.035666846287782356,9,0.072,3,50
0.02175388062544155,10,0.08,62,50
0.00011133034292463062,6,0.048,41,50
0.007312441293291998,10,0.08,41,50
0.03374058445569409,13,0.104,2,50
0.024186825524501746,11,0.088,10,50
0.03753856016952731,18,0.144,2,50
0.0308878964004082,12,0.096,45,50
0.02771765652455014,10,0.08,8,50
0.024803981640120296,10,0.08,55,50
2.1397379831493764e-05,4,0.032,58,50
0.19484590851376754,13,0.104,36,50
0.12718105813702157,15,0.12,48,50
0.007264287436593676,8,0.064,43,50
0.11638063615378745,10,0.08,19,50
1.2175213483696842e-07,3,0.024,42,50
0.09183937036552946,7,0.056,23,50
1.335697388405679e-05,6,0.048,35,50
0.017321309139980274,6,0.048,23,50
0.0448282104753565,8,0.064,16,50
0.027513557842160648,10,0.08,23,50
0.03377686680263028,9,0.072,1,50
0.00013180220896823373,6,0.048,54,50
0.017576051815228654,7,0.056,32,50
0.02768427017992402,13,0.104,32,50
0.030836060408963147,8,0.064,2,50
0.01714474585582395,15,0.12,52,50
0.03705625194033529,20,0.16,18,50
0.02822472218836808,14,0.112,20,50
0.1407902431833972,12,0.096,15,50
0.13994652057621698,20,0.16,40,50
0.019677967030351223,15,0.12,49,50
1.8787963759990397e-05,7,0.056,31,50
5.977774873961624e-06,4,0.032,35,50
0.03974154035135917,10,0.08,0,50
0.015811866595352195,8,0.064,22,50
0.04160105202920759,12,0.096,15,50
0.01783181755007015,6,0.048,0,50
0.028919161189541673,18,0.144,49,50
0.007863064556523474,7,0.056,63,50
7.80036854339701e-06,4,0.032,63,50
0.00012460834016777913,6,0.048,5,50
0.017688070543094864,5,0.04,9,50
0.046691786200560324,7,0.056,24,50
0.009735896719236208,10,0.08,34,50
0.014963381441436776,12,0.096,63,50
0.01743732559118174,9,0.072,40,50
0.018962620605911137,9,0.072,53,50
0.017865274922431677,13,0.104,1,50
0.0256020041976245,8,0.064,12,50
0.016530580573021442,11,0.088,9,50
0.17324884923894693,41,0.328,58,50
0.016986660278092088,11,0.088,55,50
0.06375073638083938,10,0.08,33,50
3.762768168687985e-05,6,0.048,20,50
0.00813570028475063,5,0.04,26,50
0.02659799090037556,7,0.056,63,50
0.03035542544548684,16,0.128,31,50
0.03045494161047281,9,0.072,47,50
0.02146692942492571,14,0.112,47,50
0.041434322623959755,13,0.104,15,50
0.009919840163874349,11,0.088,48,50
2.7997697637697187e-05,5,0.04,20,50
0.02105425125951754,8,0.064,46,50
0.01746502119901613,12,0.096,40,50
0.03186714997490323,12,0.096,43,50
0.030243923966101247,15,0.12,15,50
0.030140686475643955,14,0.112,31,50
0.18285760038916066,19,0.152,39,50
0.14181098097039443,20,0.16,9,50
0.020703011065106424,19,0.152,16,50
0.07237559461034088,10,0.08,7,50
1.1147232026331721e-08,3,0.024,15,50
0.033193384745011593,12,0.096,63,50
0.005761727574356739,4,0.032,60,50
2.759807425990091e-07,3,0.024,45,50
0.032762030463374024,9,0.072,9,50
0.026217955142400096,14,0.112,14,50
0.020835354098700857,12,0.096,37,50
0.03457396286559798,15,0.12,63,50
0.03175738493939691,21,0.168,5,50
0.02969334757401285,25,0.2,60,50
0.03664709698057779,27,0.216,47,50
0.01853012802688256,12,0.096,21,50
0.11833428874263575,19,0.152,62,50
0.11555584790727655,26,0.208,58,50
0.03501222668622171,7,0.056,25,50
0.06089246885630174,7,0.056,8,50
7.360654950142634e-06,4,0.032,62,50
7.751234146202714e-08,3,0.024,59,50
0.013185524504777455,5,0.04,44,50
0.01733855148739886,5,0.04,55,50
0.07014485527214022,8,0.064,40,50
0.07475369183031554,18,0.144,63,50
4.2888783635675054e-08,3,0.024,63,50
0.2897599991876699,16,0.128,63,50
0.018210834145636474,16,0.128,1,50
0.04570411686731738,23,0.184,32,50
0.03134653085946559,24,0.192,35,50
0.025621600789007742,20,0.16,14,50
0.021640518067880293,22,0.176,0,50
0.028002448883107267,16,0.128,19,50
0.00011509966661412919,8,0.064,48,50
7.254757346638273e-08,3,0.024,17,50
0.10499186932950996,22,0.176,34,50
0.09444864551876722,18,0.144,49,50
0.11034630585521334,8,0.064,61,50
0.051647882332610334,7,0.056,63,50
0.18257945355099264,23,0.184,63,50
0.03618221521593598,41,0.328,31,50
0.08849197357360938,38,0.304,0,50
0.03682234517499591,32,0.256,14,50
0.04078676749536737,31,0.248,32,50
0.03802015193423776,23,0.184,11,50
0.030898267375966133,21,0.168,63,50
0.021295691070899497,20,0.16,7,50
0.019820253495212,16,0.128,33,50
0.022442671954647404,21,0.168,37,50
0.02069311598295542,22,0.176,37,50
0.027317848195398738,23,0.184,31,50
0.040736331277537445,24,0.192,54,50
0.01751172302793098,20,0.16,20,50
0.024870288740484532,23,0.184,12,50
0.12886429810328573,23,0.184,4,50
0.01615369765743224,18,0.144,56,50
0.0886414565727199,15,0.12,48,50
0.04752377196024136,8,0.064,16,50
0.07128988000013954,10,0.08,43,50
0.03642988885669296,14,0.112,36,50
0.030436751401939056,29,0.232,26,50
0.034919426143338136,25,0.2,39,50
0.026837959304466055,28,0.224,28,50
0.024311569688896754,29,0.232,42,50
0.0366660264396617,22,0.176,56,50
0.022514472873700935,19,0.152,7,50
0.04237161370100842,7,0.056,34,50
0.009507131179364739,19,0.152,23,50
8.1163129905917e-05,6,0.048,31,50
0.01899448301768249,19,0.152,48,50
0.023827722905597943,27,0.216,47,50
0.035262029050356664,30,0.24,30,50
0.024111671804909952,37,0.296,43,50
0.01767307693992616,18,0.144,19,50
0.09233626405965055,22,0.176,61,50
0.10585864915993017,53,0.424,0,50
0.014010641861760724,13,0.104,41,50
0.025459108551365676,15,0.12,33,50
0.08009455680920025,26,0.208,33,50
0.007979595974434312,6,0.048,62,50
0.02665571489375295,13,0.104,48,50
0.03065776344920516,31,0.248,51,50
0.03265783913210374,38,0.304,32,50
0.02927988447130732,36,0.288,44,50
0.031738267924418175,23,0.184,29,50
0.0391086107516968,33,0.264,35,50
0.026085533302800303,18,0.144,22,50
0.00904435454324458,5,0.04,55,50
0.029600840257138935,14,0.112,32,50
0.009805070703943795,7,0.056,61,50
0.01954743385058601,25,0.2,20,50
0.025063898535790153,41,0.328,44,50
0.02745450117132033,32,0.256,45,50
0.07487090392537883,52,0.416,46,50
0.02350504143625084,10,0.08,52,50
0.10203759653580033,61,0.488,36,50
0.02493732815945602,15,0.12,9,50
0.03103684074721172,25,0.2,16,50
0.06146437111692707,15,0.12,56,50
0.0041540486343058115,4,0.032,24,50
0.019841292246944572,31,0.248,30,50
0.02774485296864198,35,0.28,24,50
0.019436321331403588,38,0.304,14,50
0.020882039376696825,48,0.384,13,50
0.02385620072199477,35,0.28,63,50
0.04765908795174341,34,0.272,5,50
0.020743817082990373,29,0.232,12,50
0.027218822177542547,8,0.064,63,50
0.02026544917496934,8,0.064,19,50
0.023537330303801278,22,0.176,63,50
0.021546868529207182,26,0.208,4,50
0.0247560530220827,43,0.344,1,50
0.04718050357364308,38,0.304,8,50
0.03248949489329884,9,0.072,0,50
0.10295223578888142,46,0.368,56,50
0.025626847548213677,17,0.136,63,50
0.08373834119196646,30,0.24,59,50
0.08439669932544584,61,0.488,32,50
0.04500405613456835,42,0.336,38,50
0.03118059033287354,40,0.32,48,50
0.019341431079819348,42,0.336,28,50
0.03136633120681452,50,0.4,14,50
0.018830696581740594,32,0.256,50,50
0.0262030029796358,24,0.192,44,50
0.02624065114630916,32,0.256,0,50
0.046909889768985656,26,0.208,22,50
0.01801218445956095,35,0.28,8,50
0.023659760760773887,37,0.296,62,50
0.021184247210519393,37,0.296,17,50
0.02860614096557174,54,0.432,23,50
0.10126581786347619,33,0.264,36,50
0.04212351736685104,36,0.288,60,50
0.049909205350741434,24,0.192,0,50
0.07147132944348841,29,0.232,13,50
0.030508604858490527,5,0.04,63,50
0.04417057162809563,54,0.432,59,50
0.024634890721023095,51,0.408,50,50
0.022905286004798436,54,0.432,27,50
0.03008152058657168,42,0.336,21,50
0.027844906268505023,66,0.528,14,50
0.028881689718772075,45,0.36,51,50
0.027996413187398886,31,0.248,52,50
0.03748524549792707,26,0.208,24,50
0.030194189466083675,24,0.192,54,50
0.009870275270863493,16,0.128,63,50
0.015471833099301339,36,0.288,8,50
0.02024319630220656,51,0.408,48,50
0.022805346074503872,58,0.464,8,50
0.06411161343328285,41,0.328,0,50
0.07190806562089962,75,0.6,57,50
0.10235962201555979,89,0.712,56,50
0.0736136810777986,24,0.192,12,50
0.04574632636494321,24,0.192,61,50
0.021693132664849187,38,0.304,63,50
0.017831629588332898,57,0.456,24,50
0.029368086234163038,82,0.656,44,50
0.03154022086213513,50,0.4,61,50
0.027094629405908746,40,0.32,36,50
0.02841725128710119,68,0.544,52,50
0.03379314635420157,46,0.368,38,50
0.027736638805411256,23,0.184,32,50
0.03154620594339343,22,0.176,60,50
5.257859481133665e-08,3,0.024,41,50
0.02197512929668803,41,0.328,12,50
0.02390623152882078,59,0.472,20,50
0.02343328620868265,75,0.6,41,50
0.06948871630973853,37,0.296,63,50
0.06011754170559038,80,0.64,9,50
0.04142688689527824,58,0.464,60,50
0.032084021827323075,19,0.152,29,50
0.04554674189968468,40,0.32,45,50
0.0270412912770506,52,0.416,5,50
0.01867447544124553,63,0.504,51,50
0.027091938269889367,87,0.696,21,50
0.020159283445907047,72,0.576,57,50
0.021445647584743287,63,0.504,44,50
0.02984949626369901,63,0.504,5,50
0.0250466805347253,71,0.568,48,50
0.027364704058989095,43,0.344,0,50
0.03575933959609849,18,0.144,8,50
0.020378146687102253,42,0.336,35,50
0.021445385458000517,99,0.792,21,50
0.05066307848509712,69,0.552,2,50
0.0628575990890934,59,0.472,5,50
0.04872176081642372,51,0.408,32,50
0.04953234439783436,61,0.488,19,50
0.026570771020272693,62,0.496,11,50
0.021087506610820515,52,0.416,34,50
0.02138560833295118,89,0.712,44,50
0.023191271464017532,88,0.704,39,50
0.01754588409149916,89,0.712,49,50
0.028474472239028766,65,0.52,40,50
0.02697629693792528,85,0.68,31,50
0.032477648286431564,49,0.392,24,50
0.03049946068561349,27,0.216,20,50
1.549046582627113e-05,5,0.04,53,50
0.00020744821329263168,11,0.088,8,50
0.010684989210939987,18,0.144,0,50
0.04362224154405524,79,0.632,31,50
0.04277614976818748,134,1.072,37,50
0.03782087509964297,71,0.568,11,50
0.0575203487975044,54,0.432,42,50
0.03305706693218528,63,0.504,31,50
0.023173822868930168,29,0.232,14,50
0.02099129093326425,39,0.312,1,50
0.023486645618586575,94,0.752,21,50
0.020882979351552016,71,0.568,18,50
0.02228886666560557,91,0.728,11,50
0.02358506825096387,79,0.632,16,50
0.029918107480820577,78,0.624,55,50
0.03642366872224699,72,0.576,0,50
0.035787847429074614,48,0.384,32,50
7.735796402614831e-05,10,0.08,11,50
0.010871254960678048,43,0.344,0,50
0.0098469300535795,58,0.464,19,50
0.020540756465560903,17,0.136,0,50
0.03475327835984184,213,1.704,0,50
0.012000190342404689,14,0.112,31,50
0.0484472082750272,161,1.288,8,50
0.026964687120926586,180,1.44,58,50
0.02858608207151533,51,0.408,62,50
0.018892557688589114,49,0.392,54,50
0.03215175861125282,54,0.432,9,50
0.018734405211472918,64,0.512,51,50
0.029890810785203666,72,0.576,8,50
0.017731896432474793,66,0.528,26,50
0.027727321193142578,82,0.656,52,50
0.026699429636712665,65,0.52,60,50
0.030313520006203586,50,0.4,30,50
0.014438270156321492,29,0.232,8,50
0.0008314278478242655,19,0.152,2,50
0.0020675384696539245,36,0.288,35,50
0.020426431564695084,23,0.184,63,50
0.027978942608640523,212,1.696,1,50
0.041262502502409815,395,3.16,59,50
0.018927272962021947,315,2.52,46,50
0.029872846463988727,124,0.992,20,50
0.02378344239439624,54,0.432,40,50
0.02624383304096896,54,0.432,47,50
0.01903386558016852,46,0.368,30,50
0.0251661350702945,59,0.472,43,50
0.022261144403042367,52,0.416,4,50
0.025326601847607502,66,0.528,16,50
0.032484963703391385,53,0.424,60,50
0.026635585233686133,57,0.456,37,50
0.017575190379185035,39,0.312,8,50
0.04319359672788696,18,0.144,17,50
0.013459792432590517,86,0.688,63,50
0.031182093016489956,73,0.584,0,50
0.0220373527080777,67,0.536,57,50
0.029581926541288356,108,0.864,16,50
0.03370690378020922,779,6.232,22,50
0.017101476578726127,511,4.088,2,50
0.02724380138432486,286,2.288,58,50
0.025002954440968856,83,0.664,40,50
0.024991415957457987,53,0.424,32,50
0.02476344255444025,62,0.496,8,50
0.01599142211383638,20,0.16,20,50
0.021594934062758718,29,0.232,59,50
0.03295751988452189,42,0.336,43,50
0.02824034166588134,47,0.376,43,50
0.027071989373218763,55,0.44,0,50
0.023458604548914182,38,0.304,32,50
0.016626862772023014,139,1.112,12,50
0.013622653983615297,189,1.512,48,50
0.04969251539122775,305,2.44,1,50
0.02425762518158087,1370,10.96,34,50
0.026519112632771485,698,5.584,63,50
0.024327673135102437,399,3.192,58,50
0.028906271762886997,180,1.44,47,50
0.021928091805286782,84,0.672,47,50
0.02228202826798085,64,0.512,32,50
0.022670380751836396,32,0.256,45,50
0.026664334175648455,21,0.168,54,50
0.01564363972124171,9,0.072,59,50
0.03320173494520762,24,0.192,32,50
0.02941804092596853,45,0.36,63,50
0.029043812620628575,36,0.288,31,50
0.012753140663455564,251,2.008,54,50
0.01184723897964902,226,1.808,4,50
0.05594533733266113,491,3.928,4,50
0.02680617387726485,2069,16.552,15,50
0.023209465052908333,990,7.92,55,50
0.03458623704231853,539,4.312,4,50
0.02860159216716659,239,1.912,51,50
0.02989268147957613,99,0.792,21,50
0.021241768731887642,72,0.576,47,50
0.02548990560964516,61,0.488,63,50
0.008172891264565853,14,0.112,60,50
0.011916044754808392,15,0.12,47,50
0.02878394403505122,44,0.352,48,50
0.029502408522865512,14,0.112,63,50
0.018511425115731638,6,0.048,63,50
0.01740853666033223,7,0.056,23,50
0.011717061564022227,8,0.064,43,50
3.7228424136041366e-07,3,0.024,18,50
0.013300744286517159,7,0.056,38,50
0.008771685121225031,6,0.048,3,50
0.006631870745842976,6,0.048,3,50
1.204991905960166e-06,3,0.024,12,50
0.03148415338290041,8,0.064,1,50
0.012496940656912878,4,0.032,1,50
8.190203804048224e-08,3,0.024,51,50
0.025435276286885924,15,0.12,1,50
0.020579684100298333,19,0.152,0,50
0.004889847593683585,6,0.048,0,50
0.01053930300281681,10,0.08,62,50
0.005392084174448065,66,0.528,13,50
0.014236410558889278,331,2.648,14,50
0.019083852453385165,129,1.032,29,50
0.08432994428335752,1012,8.096,54,50
0.024844167376605827,2644,21.152,0,50
0.021694172455219037,1354,10.832,5,50
0.03090950158262606,573,4.584,0,50
0.01869204720623331,343,2.744,47,50
0.030042306278987713,165,1.32,63,50
0.030559379608314518,58,0.464,55,50
0.029961850241949608,72,0.576,52,50
0.030877840415722065,24,0.192,20,50
0.0024326576820546024,8,0.064,63,50
0.02993667258775539,19,0.152,9,50
0.027906348448732986,23,0.184,44,50
0.0002392916652726002,8,0.064,14,50
0.01970543732867182,17,0.136,1,50
0.025721618146593718,26,0.208,0,50
0.020623295074088954,18,0.144,42,50
0.014727978032678102,11,0.088,58,50
0.01916469162393207,20,0.16,18,50
0.023325081887063698,20,0.16,28,50
0.028177470923006053,14,0.112,11,50
0.028374292464561197,20,0.16,17,50
0.00898101424403837,17,0.136,27,50
0.026941338408848575,24,0.192,0,50
0.025328938156858032,25,0.2,36,50
0.0002974701485046361,8,0.064,36,50
0.0064939671583587625,4,0.032,28,50
1.4152878595989906e-05,4,0.032,48,50
0.020894311402969653,34,0.272,2,50
0.02289955800301585,36,0.288,58,50
0.009836884050220585,27,0.216,10,50
0.01682609632011236,18,0.144,13,50
0.08923504452854372,15,0.12,0,50
0.04236375675915315,57,0.456,26,50
0.010035584817245017,55,0.44,4,50
0.06815873841516225,1196,9.568,63,50
0.02234040539490865,2874,22.992,58,50
0.02329574261066467,1326,10.608,35,50
0.030948964337297755,496,3.968,47,50
0.025836345280937055,273,2.184,8,50
0.03142294555725027,181,1.448,60,50
0.027185049896861324,67,0.536,36,50
0.03841744148295735,61,0.488,63,50
0.041421404015521315,45,0.36,59,50
0.018923024181014995,20,0.16,22,50
0.027930340028795415,6,0.048,40,50
0.0002955737294484607,8,0.064,12,50
0.025136904498726426,14,0.112,1,50
0.008514525539846284,12,0.096,4,50
0.019805203403764734,13,0.104,12,50
0.011127060847429485,12,0.096,63,50
0.003758885574542029,8,0.064,52,50
0.012259232428302225,14,0.112,9,50
9.738843477328142e-05,5,0.04,37,50
0.024182667058974424,8,0.064,8,50
2.1407938829061854e-07,3,0.024,5,50
0.006177032822354901,5,0.04,29,50
1.829319806745389e-09,3,0.024,63,50
0.008294168566055466,5,0.04,47,50
0.019039342290041422,25,0.2,32,50
0.016757825932104894,13,0.104,63,50
1.1561394656605366e-05,5,0.04,18,50
0.006270120462409831,53,0.424,32,50
0.016824105887683568,128,1.024,59,50
0.059124482711504826,275,2.2,0,50
0.0318119926948921,1903,15.224,0,50
0.02084305542352871,2616,20.928,63,50
0.0259387548278729,1168,9.344,13,50
0.03575337754638774,549,4.392,8,50
0.025716918876124352,255,2.04,52,50
0.024383826216402577,170,1.36,23,50
0.03836083701764364,100,0.8,46,50
0.023857557918660507,32,0.256,20,50
0.029754362469051714,27,0.216,62,50
3.1480396600613863e-07,3,0.024,0,50
0.0509358698249909,25,0.2,31,50
0.017514877779422608,30,0.24,2,50
0.011833079963846868,10,0.08,3,50
0.012099343175310556,25,0.2,16,50
0.011370044165800095,60,0.48,35,50
0.01325695881106852,24,0.192,63,50
3.800004740502534e-08,3,0.024,0,50
0.017428071229000287,211,1.688,59,50
0.031370015737939703,126,1.008,2,50
0.039459186898975124,555,4.44,0,50
0.01772769060016056,2363,18.904,14,50
0.022153767759684362,1471,11.768,21,50
0.019271585671028213,748,5.984,26,50
0.02153842260944396,479,3.832,60,50
0.03567901545932413,275,2.2,50,50
0.030167119244434947,196,1.568,63,50
0.023965789302946794,108,0.864,40,50
0.02281229128158802,38,0.304,20,50
0.01757104546698296,56,0.448,53,50
0.017955401447230745,269,2.152,36,50
0.01377821690655912,175,1.4,63,50
0.01761720527102632,70,0.56,59,50
0.013158219214101569,231,1.848,35,50
0.02811541414748155,604,4.832,63,50
0.01840227591080941,143,1.144,4,50
0.04506278270363441,955,7.64,0,50
0.02630073790748084,1151,9.208,28,50
0.018508540982761307,846,6.768,7,50
0.02655242174721084,568,4.544,39,50
0.022244858421581203,413,3.304,35,50
0.03124567613458849,269,2.152,11,50
0.024672298349557642,164,1.312,0,50
0.020689802117299545,70,0.56,32,50
0.005544181286840039,7,0.056,10,50
0.016980591078304536,62,0.496,28,50
0.025217095284193625,67,0.536,23,50
0.03082699075202022,162,1.296,20,50
0.015585437897453591,245,1.96,26,50
0.016161955174141943,244,1.952,2,50
0.01704063537224629,345,2.76,2,50
0.0244173038301244,494,3.952,43,50
0.015111442472089686,40,0.32,16,50
0.05641209107562125,654,5.232,59,50
0.029812364411616075,636,5.088,32,50
0.019942963521995514,546,4.368,48,50
0.017716891687042213,417,3.336,31,50
0.02327710958102333,315,2.52,19,50
0.022052071139559044,217,1.736,19,50
0.022898582277235503,86,0.688,26,50
0.018230980901674614,15,0.12,25,50
0.021223216515093922,47,0.376,10,50
0.01643847785931915,42,0.336,4,50
0.018950280461904594,62,0.496,11,50
0.017027307202561393,93,0.744,3,50
0.013470933007484188,202,1.616,42,50
0.019544849863619655,276,2.208,23,50
0.019975119403906286,234,1.872,48,50
0.026866193778416758,311,2.488,10,50
0.05361890973133883,397,3.176,45,50
0.02109560109536443,366,2.928,47,50
0.022625411896771207,311,2.488,6,50
0.026016906830831955,257,2.056,61,50
0.030539618547818934,151,1.208,31,50
0.02891901247031737,60,0.48,60,50
0.03364940231693688,16,0.128,63,50
0.022709989978039115,11,0.088,63,50
0.013449045864665774,7,0.056,5,50
0.022324968952584547,40,0.32,19,50
0.018326902210161766,38,0.304,12,50
0.018310371016226654,68,0.544,28,50
0.022665113868818813,87,0.696,44,50
0.01822167269296227,115,0.92,12,50
0.027600568716893575,190,1.52,56,50
0.026580469265709325,213,1.704,0,50
0.041416330514926554,123,0.984,0,50
0.0469044959785847,257,2.056,49,50
0.025384153088597042,165,1.32,20,50
0.023602494250185582,134,1.072,51,50
0.03753331002725715,63,0.504,0,50
0.016389127754274875,15,0.12,51,50
3.3391558129647336e-08,3,0.024,17,50
0.016757406888258896,6,0.048,18,50
0.004296647492421531,4,0.032,17,50
0.012407442566839143,12,0.096,1,50
0.016524970254362944,34,0.272,40,50
0.018141607140970142,39,0.312,38,50
0.021709024238384483,83,0.664,16,50
0.019668346657579328,73,0.584,0,50
0.016903093645951713,87,0.696,16,50
0.01995287600551667,101,0.808,0,50
0.02730458500797857,89,0.712,30,50
0.021183180818722308,5,0.04,16,50
0.09077918287838983,133,1.064,47,50
0.03266270472891856,106,0.848,25,50
0.04758264794228304,65,0.52,30,50
0.03702012499896619,25,0.2,63,50
0.004570047701742501,5,0.04,57,50
0.03321160464998116,7,0.056,25,50
0.00536650254614235,5,0.04,22,50
0.026624729202103948,26,0.208,47,50
0.017903581395488834,34,0.272,42,50
0.019007834106386286,52,0.416,6,50
0.02864230750476204,75,0.6,32,50
0.01867867450850833,54,0.432,46,50
0.014226502429213023,62,0.496,56,50
0.03425086637815772,71,0.568,0,50
0.05050359215600621,15,0.12,34,50
0.035756474186549106,74,0.592,15,50
0.02667192027833185,49,0.392,14,50
0.021787282623864496,17,0.136,36,50
2.1642507164187919e-07,3,0.024,20,50
0.02354830184455072,10,0.08,28,50
0.022678019162093367,13,0.104,31,50
0.035365568095344704,18,0.144,53,50
0.035364294710253916,4,0.032,50,50
1.3435004664330566e-08,3,0.024,48,50
0.030156668623499222,14,0.112,26,50
0.022820794126045273,29,0.232,63,50
0.015240416168725575,50,0.4,33,50
0.016543114636769305,39,0.312,0,50
0.024154074534593593,43,0.344,8,50
0.04134086666290278,31,0.248,1,50
3.3361284401678404e-07,3,0.024,1,50
0.03422739386863758,39,0.312,17,50
0.02837363520933056,33,0.264,14,50
0.022527074783916107,19,0.152,23,50
0.02965180424200019,22,0.176,46,50
0.04567952793818484,16,0.128,10,50
0.02531638629508896,9,0.072,40,50
0.03106275522504465,13,0.104,31,50
3.4502186431092565e-05,9,0.072,8,50
0.05791718634815309,45,0.36,3,50
0.028327442449482924,29,0.232,10,50
0.0234336437452046,26,0.208,32,50
0.0200568154257944,19,0.152,19,50
0.026845183827537186,41,0.328,36,50
0.024060658722583658,27,0.216,54,50
0.02830115155418862,20,0.16,0,50
0.024896779253239677,14,0.112,0,50
0.018964680734472102,8,0.064,28,50
0.000551161258558556,4,0.032,57,50
7.452735269660358e-08,3,0.024,14,50
1.1339722116865405e-07,3,0.024,29,50
0.03229524087759098,19,0.152,19,50
0.021057504790907924,23,0.184,1,50
0.022776606959483747,27,0.216,3,50
0.03565397083749966,24,0.192,14,50
0.020271171651880974,12,0.096,43,50
0.04106235116809139,30,0.24,8,50
0.023252668074342252,18,0.144,61,50
0.005060369986504453,5,0.04,59,50
5.170419482188512e-07,3,0.024,55,50
0.03752998804327162,15,0.12,58,50
1.754874211614338e-05,6,0.048,43,50
3.89944741416204e-05,5,0.04,19,50
0.04312542266307828,18,0.144,38,50
0.04466249094776055,19,0.152,4,50
0.025371931306834596,28,0.224,3,50
0.024874939852303282,15,0.12,23,50
0.01865203599920672,14,0.112,22,50
0.01988417266403944,10,0.08,56,50
0.015550181894134771,8,0.064,31,50
0.020186172040649757,9,0.072,33,50
0.03790011635097302,14,0.112,12,50
7.980501237625505e-07,3,0.024,36,50
0.03130174935188383,8,0.064,26,50
0.00015185331374554178,7,0.056,35,50
0.00822401693855484,5,0.04,59,50
0.03189926265889635,22,0.176,0,50
0.037365917212385684,25,0.2,61,50
0.034823634162180435,22,0.176,8,50
0.013858482094183732,12,0.096,11,50
0.024424966602479222,15,0.12,58,50
0.04524965929824656,11,0.088,42,50
0.008039303818349136,5,0.04,28,50
0.02931195308300357,9,0.072,32,50
0.017509028386373564,7,0.056,44,50
0.006277888516681224,10,0.08,11,50
0.005818420870809539,8,0.064,48,50
0.03363529634813215,22,0.176,44,50
0.04451642681151362,24,0.192,21,50
0.06231745833944051,15,0.12,23,50
0.025056045044213507,20,0.16,31,50
0.03524418412737269,14,0.112,61,50
0.01574110359205348,14,0.112,32,50
0.027562219570049118,14,0.112,8,50
0.019554932397694777,16,0.128,39,50
0.031382719133273965,11,0.088,9,50
0.036375140939201356,10,0.08,55,50
0.03579766747869796,10,0.08,17,50
1.5743536888971715e-07,3,0.024,0,50
0.013942741094936484,9,0.072,63,50
0.02563806563989949,18,0.144,28,50
0.02031744848824316,10,0.08,63,50
0.16728179147877256,8,0.064,25,50
0.00647319699018205,5,0.04,11,50
0.03274342885842807,22,0.176,19,50
0.023624226790021973,23,0.184,31,50
0.034635376658610495,26,0.208,63,50
0.03180976409993263,25,0.2,24,50
0.030455477215420773,19,0.152,15,50
0.04354052466678863,13,0.104,61,50
0.028541481245510734,9,0.072,31,50
0.027487474489624537,6,0.048,20,50
0.032169077888397186,11,0.088,36,50
0.13578787090709168,6,0.048,11,50
0.02407010262000594,13,0.104,3,50
0.023615422600672033,11,0.088,63,50
0.019268672812030086,13,0.104,63,50
0.02320191680398251,6,0.048,59,50
0.02366870591078811,15,0.12,8,50
0.020640813873670286,18,0.144,63,50
0.011600715626005252,12,0.096,31,50
0.028868713015509924,10,0.08,26,50
0.012846008412511914,5,0.04,2,50
0.022227215597074593,11,0.088,14,50
0.026539965053120788,16,0.128,26,50
0.01569305049818776,7,0.056,51,50
0.2269095592511952,8,0.064,43,50
2.50019832890427e-05,11,0.088,55,50
0.03088203095757915,17,0.136,56,50
0.036733948664216774,19,0.152,16,50
0.014453935987980874,12,0.096,24,50
0.05198661769839523,13,0.104,0,50
0.015016845320319279,12,0.096,0,50
0.013232006032032681,5,0.04,21,50
0.034035791971816644,17,0.136,51,50
0.01868638435731164,8,0.064,25,50
1.468147479061072e-05,4,0.032,16,50
0.019485043328545514,15,0.12,59,50
6.392399485438684e-08,3,0.024,31,50
0.012267977021769148,5,0.04,1,50
0.10104238205535361,24,0.192,56,50
0.01858505464155862,14,0.112,12,50
0.04150885304134606,14,0.112,61,50
0.02707155450868922,18,0.144,63,50
2.2745078430706398e-05,7,0.056,45,50
0.004576268024235153,4,0.032,43,50
0.012002851008215895,4,0.032,19,50
0.07034505187768483,4,0.032,54,50
0.02791338347004722,10,0.08,14,50
5.024367841151147e-05,7,0.056,46,50
5.892181893421249e-05,10,0.08,27,50
0.02938848061488223,7,0.056,60,50
4.081914707749277e-06,4,0.032,54,50
0.0001241563519602304,5,0.04,22,50
7.251946429389431e-16,3,0.024,8,50
5.938343819641052e-07,3,0.024,38,50
5.1080234265301526e-05,4,0.032,42,50
6.880112845769394e-05,4,0.032,51,50
5.742900725624211e-05,4,0.032,6,50
0.014188982187588238,4,0.032,23,50
2.726560155561238e-05,5,0.04,4,50
2.52522629029528e-07,3,0.024,9,50
0.04298358713074897,5,0.04,15,50
6.838524504329885e-05,5,0.04,61,50
0.00014567169557628743,6,0.048,50,50
5.683279224919302e-05,4,0.032,19,50
